DPM	BEAD_C1	CTATCCAGGCACCTTCTGG
DPM	BEAD_C2	CTATCCAGGCTATTGTAGG
DPM	BEAD_C3	CTATCCAGGCGAGCATAGG
DPM	BEAD_C4	CTATCCAGGCGTGACCAGG
DPM	BEAD_C5	CTATCCAGGCTGGTTAAGG
DPM	BEAD_C6	CTATCCAGGCACGCGTTCG
DPM	BEAD_C7	CTATCCAGGCATGATGTCG
DPM	BEAD_C8	CTATCCAGGCTGGTCGTCG
DPM	BEAD_C9	CTATCCAGGCTGACGTCCG
DPM	BEAD_C10	CTATCCAGGCAAGGCTCCG
DPM	BEAD_C11	CTATCCAGGCATTGGTACG
DPM	BEAD_C12	CTATCCAGGCGATGCGACG
DPM	BEAD_D1	CTATCCAGGCACAGACACG
DPM	BEAD_D2	CTATCCAGGCAATTATTAG
DPM	BEAD_D3	CTATCCAGGCCGAGTGTAG
DPM	BEAD_D4	CTATCCAGGCCAGGATGAG
DPM	BEAD_D5	CTATCCAGGCGGCAATCAG
DPM	BEAD_D6	CTATCCAGGCTCATTCCAG
DPM	BEAD_D7	CTATCCAGGCTAGGAGTTC
DPM	BEAD_D8	CTATCCAGGCCCGTCGCTC
DPM	BEAD_D9	CTATCCAGGCGTATGACTC
DPM	BEAD_D10	CTATCCAGGCGAGAGTATC
DPM	BEAD_D11	CTATCCAGGCTGGCCTATC
DPM	BEAD_D12	CTATCCAGGCCTACACATC
DPM	BEAD_E1	CTATCCAGGCCAGCCTTGC
DPM	BEAD_E2	CTATCCAGGCCTTGCGTGC
DPM	BEAD_E3	CTATCCAGGCAGGCAATGC
DPM	BEAD_E4	CTATCCAGGCTACGTTGGC
DPM	BEAD_E5	CTATCCAGGCAGTGTCGGC
DPM	BEAD_E6	CTATCCAGGCAAGTGCGGC
DPM	BEAD_E7	CTATCCAGGCGTTGGAGGC
DPM	BEAD_E8	CTATCCAGGCCTCAATCGC
DPM	BEAD_E9	CTATCCAGGCGGAGCGAGC
DPM	BEAD_E10	CTATCCAGGCCACAGCAGC
DPM	BEAD_E11	CTATCCAGGCTTCATCTCC
DPM	BEAD_E12	CTATCCAGGCAGCGCCTCC
DPM	BEAD_F1	CTATCCAGGCTAGTCTGCC
DPM	BEAD_F2	CTATCCAGGCATACTAGCC
DPM	BEAD_F3	CTATCCAGGCCCGCATACC
DPM	BEAD_F4	CTATCCAGGCCATGTCACC
DPM	BEAD_F5	CTATCCAGGCGAGCCAACC
DPM	BEAD_F6	CTATCCAGGCTGCGGATAC
DPM	BEAD_F7	CTATCCAGGCTTACGTAAC
DPM	BEAD_F8	CTATCCAGGCATGGCTAAC
DPM	BEAD_F9	CTATCCAGGCACATCGAAC
DPM	BEAD_F10	CTATCCAGGCGGTAAGAAC
DPM	BEAD_F11	CTATCCAGGCGAAGGCAAC
DPM	BEAD_F12	CTATCCAGGCATGGACGTA
