ABID	BEAD_A1	AACTGTTCCA
ABID	BEAD_A2	AATTCGGCGA
ABID	BEAD_A3	ACGGATTCCA
ABID	BEAD_A4	ACTATGAGTA
ABID	BEAD_A5	ACTTATATAA
ABID	BEAD_A6	AGCACAGGTA
ABID	BEAD_A7	AGCCTATCTA
ABID	BEAD_A8	AGCGAGGCAA
ABID	BEAD_A9	AGTATCGGCA
ABID	BEAD_A10	AGTGCTTAGA
ABID	BEAD_A11	AGTTAAGGAA
ABID	BEAD_A12	ATAGAACAGA
ABID	BEAD_B1	ATCGAGAGTA
ABID	BEAD_B2	ATCTCTCGCA
ABID	BEAD_B3	ATGATGTTAA
ABID	BEAD_B4	ATGTGCTTCA
ABID	BEAD_B5	CAAGATTCTA
ABID	BEAD_B6	CAATTGAACA
ABID	BEAD_B7	CACATTCGCA
ABID	BEAD_B8	CACGCATGGA
ABID	BEAD_B9	CAGGCGCACA
ABID	BEAD_B10	CAGGTCGTTA
ABID	BEAD_B11	CATCCTGGCA
ABID	BEAD_B12	CCAATTAGGA
ABID	BEAD_C1	CCAGAAGGTA
ABID	BEAD_C2	CCTACAATAA
ABID	BEAD_C3	CCTATGCTCA
ABID	BEAD_C4	CCTGGTCACA
ABID	BEAD_C5	CCTTAACCAA
ABID	BEAD_C6	CGAACGCGTA
ABID	BEAD_C7	CGACATCATA
ABID	BEAD_C8	CGACGACCAA
ABID	BEAD_C9	CGGACGTCAA
ABID	BEAD_C10	CGGAGCCTTA
ABID	BEAD_C11	CGTACCAATA
ABID	BEAD_C12	CGTCGCATCA
ABID	BEAD_D1	CGTGTCTGTA
ABID	BEAD_D2	CTAATAATTA
ABID	BEAD_D3	CTACACTCGA
ABID	BEAD_D4	CTCATCCTGA
ABID	BEAD_D5	CTGATTGCCA
ABID	BEAD_D6	CTGGAATGAA
ABID	BEAD_D7	GAACTCCTAA
ABID	BEAD_D8	GAGCGACGGA
ABID	BEAD_D9	GAGTCATACA
ABID	BEAD_D10	GATACTCTCA
ABID	BEAD_D11	GATAGGCCAA
ABID	BEAD_D12	GATGTGTAGA
ABID	BEAD_E1	GCAAGGCTGA
ABID	BEAD_E2	GCACGCAAGA
ABID	BEAD_E3	GCATTGCCTA
ABID	BEAD_E4	GCCAACGTAA
ABID	BEAD_E5	GCCGACACTA
ABID	BEAD_E6	GCCGCACTTA
ABID	BEAD_E7	GCCTCCAACA
ABID	BEAD_E8	GCGATTGAGA
ABID	BEAD_E9	GCTCGCTCCA
ABID	BEAD_E10	GCTGCTGTGA
ABID	BEAD_E11	GGAGATGAAA
ABID	BEAD_E12	GGAGGCGCTA
ABID	BEAD_F1	GGCAGACTAA
ABID	BEAD_F2	GGCTAGTATA
ABID	BEAD_F3	GGTATGCGGA
ABID	BEAD_F4	GGTGACATGA
ABID	BEAD_F5	GGTTGGCTCA
ABID	BEAD_F6	GTATCCGCAA
ABID	BEAD_F7	GTTACGTAAA
ABID	BEAD_F8	GTTAGCCATA
ABID	BEAD_F9	GTTCGATGTA
ABID	BEAD_F10	GTTCTTACCA
ABID	BEAD_F11	GTTGCCTTCA
ABID	BEAD_F12	TACGTCCATA
ABID	BEAD_G1	TAGATCGCAA
ABID	BEAD_G2	TATAGACAGA
ABID	BEAD_G3	TCAGTAGTGA
ABID	BEAD_G4	TCATGTTGTA
ABID	BEAD_G5	TCGCGCTAAA
ABID	BEAD_G6	TCGTGTATGA
ABID	BEAD_G7	TCTACATGCA
ABID	BEAD_G8	TCTCCGGCTA
ABID	BEAD_G9	TGACGCCACA
ABID	BEAD_G10	TGATAATCAA
ABID	BEAD_G11	TGATCACAGA
ABID	BEAD_G12	TGCAGCGGAA
ABID	BEAD_H1	TGCTCAACCA
ABID	BEAD_H2	TGGCGTACCA
ABID	BEAD_H3	TGGTTCACTA
ABID	BEAD_H4	TGTAAGGTGA
ABID	BEAD_H5	TGTCAGCGAA
ABID	BEAD_H6	TTAGCAATAA
ABID	BEAD_H7	TTCCAACCGA
ABID	BEAD_H8	TTCCATAGCA
ABID	BEAD_H9	TTCCTAGATA
ABID	BEAD_H10	TTCTAATACA
ABID	BEAD_H11	TTGAGATTGA
ABID	BEAD_H12	TTGGAGCGGA
